,name,rank,tag
0,lemonTree68,1,929URQCL8
1,Xiake,2,9CQJQYP2
2,<c5>Ruusskov,3,8Y2LP9L2
3,SK Morten,4,R09228V
4,⭐️ JSJ ⭐️,5,YCUQ2CUP
5,不爱睡觉不爱起床的小力量,6,QYYYCUC2
6,faisal84™,7,8Q802U2V0
7,<c8>A L O N E,8,PC2PP2RP
8,Alperen,9,2V92UCC9
9,WHAM! Capgun✨,10,YYJ0R0G
10,RUBÉN,11,LPRR9P
11,FENOFINALFORM⚡☠,12,8R020P
12,舞❤️喵,13,LGLL8LLC
13,ｓａｒａ,14,VLVQGC0
14,Sapolo11,15,298CUPLP2
15,Mr Milano,16,20YPVC8C
16,Tempus,17,YR8VGYPQ
17,Candy Man,18,Y9UU28YY
18,繁星,19,UQQCC0JC
19,shogi,20,9GGCQP8CJ
20,Aura Famouskid,21,L8P0GVQV
21,Ángel♥∞♥Andrea,22,89Y8CLPR
22,bj,23,28UCJ209G
23,Lim l ヌッシー,24,2V80C0YU0
24,Saloom,25,LPC20PY2
25,쿠키,26,22V8P828G
26,Megumi l ぱんどら,27,2CYCG0LJJ
27,Over BaNa❦,28,2UVV829PR
28,JuicyJ,29,YGGYQYV
29,✨TR King♥️✨,30,PPUVRRR9
30,العدواني,31,9PVRYCCR
31,neurologic,32,29829J9U8
32,Joe,33,9RLQGUUQ
33,ClashWithMc,34,Y2QJ0UQJ
34,Mr★NeverDie,35,2PLPV892
35,Black Panther,36,228Y8U28Y
36,Anaban❤️Snipe,37,GYUQQCLV
37,Helios,38,YV8GG2RG
38,10,39,RLRLR2CL
39,Draco ☕,40,Y9CURY8C
40,⚓️⚓️VICTOR⚓️⚓️,41,2V89G0Y88
41,⭐hisoka⭐™,42,PGG8RGLV
42,Ar7hur,43,CJPJP9G
43,あき,44,YR8LJY9C
44,Don✌️Palestina,45,8LCVRUURQ
45,Sprio,46,JJJJCP9G
46,Yo CHONG,47,8YJLYCCU
47,小陈_Little chen,48,2JUQCPPQ8
48,**mohamadparsa*,49,89R22VV0
49,Bandit,50,UULQLJU
50,Domin,51,8209RU0P
51,⚡⚡⚡ZEUS⚡⚡⚡,52,Y292R2V
52,Limit I ぼん,53,2Q9R9GQJV
53,Niclas,54,8L9YQRVQ
54,hy555,55,2VQRC0JC2
55,Viiper,56,U200V9P
56,T-Bag,57,V98CLRC
57,Furia™,58,GUPYJ2
58,Ángel Ramírez™,59,9CGL29LG
59,⚜️Ian⚜️,60,G8VLCLPC
60,Starry,61,8PJGCJUJU
61,✫ l Яeveяse,62,R9QYYL9
62,인배,63,GRRL28QY
63,BananaGoose,64,V992G8P
64,MنAیTتIمN,65,2QQLQ2U92
65,たぁ,66,9LVJ90QRQ
66,⭐BastSardo⭐,67,VL2LU00
67,Sandalia21,68,8RGUL9QP
68,飞飞,69,222LCP90
69,mike1m1ke,70,2CC8VPCP
70,7427466391,71,2VPG8Y2P
71,CHN丨这货不是渣渣希,72,CCQCU90L
72,Memati,73,2220G2JJJ
73,Stif Master ☮,74,282G0QUU9
74,风间小志,75,VC0UYC2P
75,OS Marcøs,76,20PRP9Q9
76,みかん坊や,77,2VYJYJ09
77,✫ I Karnage,78,98GPG9
78,WA Jorge Luis,79,22Q2928GJ
79,RAD,80,8QRCJQ9Y
80,U R DEAD.,81,2CL2JU82
81,Haгdsтγłє,82,G2YC9UC
82,Gambito11®♣,83,URUVY29R
83,#Eibraj_,84,82VCPU8YC
84,kidkid,85,2Y2GPJQRR
85,Juan..,86,2YVV0RQ9R
86,D3sTrOyEr,87,2LRL9LV28
87,Ouroboros ✡️☯️☪,88,2QLVVY8VC
88,yogyrt,89,2VY9YCRUG
89,Bestdead,90,2VCJ99J8
90,MarcoGF29*-*/,91,2UR90RC8
91,أم القيوين,92,JY0LC9PC
92,DIG Blaze,93,YJLJ98U
93,懒猫,94,8YYVGPL2Y
94,Der Regen,95,20LG9Q2JV
95,FILIPPO,96,RP0U80GC
96,NzT♣₣єƊƊy™,97,2JJ89LQ0
97,vitin™✌,98,RYYV9LQ0
98,VULKan,99,8GLUYL
99,vince,100,JQVGRY2L
100,oяео¶™,101,J299YQ8P
101,건휘왔당,102,2GGR2GPQ0
102,t-ice,103,2Q2CVCCC8
103,Corey357,104,PJV2PRYG
104,<c2>一人国王,105,2QCPU2RR
105,Xx_Enrique_xX,106,Q082RRLQ
106,CA l Sweep,107,JUY2CJ0
107,でぃばいん l かめ,108,8Q2RCGYPL
108,⚜️EscanoR⚜️,109,8PPR9LPV
109,ACE ⭐Hasiel~19⭐,110,UGLR0P2
110,Adriano L Clash,111,2C90J2Q92
111,shary,112,QQJQUG0P
112,xS4NDOV4Lx 88,113,82202UPCU
113,fabain2000,114,2Y9J8PJ0
114,MAGICIAN,115,99GRJJG0
115,<c6>0es3｜二哈大帝,116,VGU88C8Y
116,Masino 93,117,2LPJ288P2
117,Lim l fork,118,8L0G0V2G
118,Janne Da Arc,119,8VUUJUP9
119,FILIPPO 1,120,UG20QQ
120,GerasRepXD,121,29YPQLJG9
121,victor utrilla,122,22928V80R
122,Yuki,123,RU0PQP0
123,大呲花,124,UVCVC0GP
124,KIX™️ iAmJP,125,2RC89GJ
125,ACE ⚡José⚡,126,890LRQCLQ
126,Surgical Goblin,127,92L9R2JG
127,IMT LaPoKaTi✨,128,Y2LP0CU
128,I’m Edwin :),129,VC0JV20L
129,Agent team,130,LPYJU2CL
130,roberto!,131,UJQ99R9Y
131,NS.(CR Royal)✌️,132,8VJVJRP9
132,j0KZ,133,9VCJ0Y9C
133,TQ BENIJU,134,PP0VL8LC
134,DK 风间小志,135,R9P2VUUU
135,画眼线的狗,136,LCYVUQ92
136,Stk✨qingfeng✨,137,YR0QU2G9
137,FHJCF™,138,9LQPU8RC
138,‼️☯️F€®️©️H⚫⚕️‼,139,800898GU2
139,ES I ✨Zaid✨,140,2QL9GGRL
140,ibr2000,141,G99YQYJC
141,パン,142,LVUUJGYP
142,Tauron_E5150,143,8PYRVGYCL
143,Eyy-Emma-RD=￣ω￣,144,JG02C2Y0
144,MxCooper,145,8JQ8YL29
145,⚜️CRSUX⚜️™️,146,JV0VJ9V
146,Spik,147,80JQQ9UCY
147,metalbond™,148,YLG0C08V
148,MO.GENDY,149,P0RRRYQP
149,eastreaver™️,150,RVL8JP
150,Stra1k 2.0,151,82VRLJCGR
151,優佑,152,PRGYPPR8
152,عبدالله عماد,153,8YG0RRR9
153,Fabrício™,154,V9G8PQGG
154,ACE l Jhon S™,155,PURJCV
155,TMD Bosslike,156,PLYJPQL9
156,Dark Light,157,22Y9CGYGQ
157,JayTV,158,8YVLQLG0
158,キノ,159,8V0ULGVR
159,Fahad,160,P92LGYGU
160,⭐️SANGUE BLU⭐️,161,8G0QVRLC
161,Chruschtschow,162,29QCYVR2
162,JacoboTheHobo,163,2QVGYPQ
163,Youtube SunnyCR,164,89VLRC9QG
164,Coltonw83,165,PGQ9G29P
165,♣️ֆʀ.ɬʊʍɮασ♣️,166,8RJ809G2R
166,MaximusJb,167,JUJCU00P
167,Over EVIN❦,168,920CVUC2C
168,Kaneee,169,2YCPCPJ8
169,NASSO,170,8VV8YC90Y
170,Junior_clash ⚔,171,2LRQVJ9QV
171,moustruito,172,80JUJV8JG
172,www.nba.com,173,2RGG9QPJ
173,IcePower,174,YGUCJLJY
174,ACE LEO;VARGAS,175,8Q8YYPC8U
175,den1s,176,80GU08VC
176,Viper™️,177,28PYVQGV
177,☆AllanGr2004☆,178,2JC9QVJL9
178,Aether I Dergha,179,Q20V9VLU
179,tri minikieli,180,JCJPUPG
180,R✨,181,22UGJPV8R
181,omnipotent,182,R0LR9RUQ
182,Mu-暮曰苍穹,183,92Y2V2VJ
183,THE⚡️ALPHA⚡️PRO,184,9GRQUU98L
184,曹车夫,185,8UPUVGL8
185,Miku❤ぱんどら,186,88RUCCQLC
186,Neru l Butyo,187,2R8V9222Y
187,浜辺美波,188,9QP8R0YQL
188,Pandora,189,YP28JQ2P
189,ACE Maklelele,190,2V02QLU
190,Pabloko17,191,2JL99LQ92
191,メントス,192,JY228GY9
192,SopraIsn'tBmer™,193,2PVPJUJL
193,トミー,194,82VPC0LR8
194,3回目のカシドラTikTok,195,2J9GRLC8P
195,ゆぴてねすの会,196,2R09QV9Y
196,⚡Nova I Satan⚡,197,20Q0PUGYC
197,STALKER™,198,QG9LCJ29
198,עינת,199,892JQ20QJ
199,花见花开的卡米,200,9GV2VLYV
200,⚡GeNeRaL MoEiN⚡,201,2PCVG8Q
201,Mimar,202,29CVYG98U
202,☆SebasVilchez●,203,208UCVV8P
203,エリザベス,204,2RCQ0JPGU
204,Xx 911,205,2UYP2G2Q
205,⚡️D3fault⚡️,206,8VR98PCLC
206,Seba,207,RYRYGYR8
207,Klondike,208,RYJVG9CC
208,HAYA™,209,2R9VRU0PG
209,︻デ═一 ▸☆Mario♠️♥,210,8R8QUQCQ
210,Gamer 1 YTB,211,200PQ2RRG
211,Nova I ✨Legend✨,212,PYUUGL98
212,terter,213,29JY2GLYU
213,Diabolus,214,P2VY2RR9
214,✨T-Max✨™,215,QG8CGC2R
215,Jesús salinas,216,2V2GGGP8G
216,V1KTOR,217,200Y0L0QV
217,Ailvin,218,2V8JLCLR0
218,XQNL I Demo,219,2JR208JC
219,Star⭐Noah™,220,20QVGJVG2
220,ナツイ,221,2JRRLVVLG
221,TRT｜鸢尾的怨念,222,PYLL98G0
222,Jair,223,YQPVGCLP
223,Neon I Kondo,224,980V8LPJ
224,<c2>sosmula,225,2GPQJ280L
225,nicolas,226,8QPP2UCC
226,أبو عبادة,227,R8J8CGP2
227,병진,228,LQYJJP9L
228,√Emp♥Die:),229,RUVURY2L
229,爱学习的sky✨,230,2YQLRUU8R
230,Dj Alexis ♡,231,9QPQ8PUPV
231,Yuuki,232,228RQ2P02
232,ちよちんの会,233,8CRR09G2U
233,TAVO BC,234,RJ02RPR0
234,Gaston_1996,235,2J8LPYRC0
235,Cheesecake,236,2PLPPR2RL
236,❤2 Die 4❤✌,237,8URG0UP8P
237,あじつけまる。,238,2C989GR9R
238,WiLlEnNiuM,239,2QYGRUJJ2
239,<c6>ʕ•̫͡•ANG47,240,2QCLP0PY0
240,24,241,VUUVYL9
241,筋違い角,242,9VLQYRJJL
242,Kaneki 隻眼の王,243,8UU2PCYYJ
243,Mini Antonio,244,QGVLYLL
244,JdaDaniloDR,245,2QYRQQ9UY
245,DW Itachi,246,L2899URQ
246,joeykashi,247,2PLQR208Y
247,thor,248,QP8QJ0P
248,jomayka,249,YUJG8QGC
249,사과도둑,250,PPPY9V9Q
250,!!BRAYAN!!**,251,L8U9022V
251,saloom111,252,280JUL09Q
252,えす,253,88YPQ9URC
253,Prestige神,254,98R8YYCVL
254,WA Trainer Alex,255,2G9VQL8U8
255,ゆでたまご,256,8G8L9J9VP
256,奶油 Gabriel√Z,257,C8GU2UC
257,Shaba,258,2UV0PRR9R
258,nahid,259,9QLGVL8P
259,OPTİMUM//SKY,260,L0GRCL02
260,mrs.jo,261,2GP9CQ9QQ
261,the best,262,89JPGQ9V
262,Tattoos,263,VYG80P8G
263,Sergi_MC5,264,L28VP82
264,Gen.G_单王,265,80VR2GLJ
265,小k,266,P80L2PLJ
266,THE KILLER™,267,QRPRRL9L
267,Dk I 兵士Manínッ,268,2YPGC0LY
268,⚡El Thor⚡,269,88QU8VYJ
269,Karim,270,29PVG8LUP
270,Best NA,271,828JPJQU8
271,Lucas,272,22Q8VY89P
272,Andrés◾Vargas,273,8QQ22C0R
273,Extrem Aggresiv,274,GJCQUQGL
274,Matte™️,275,89LY9LU2Y
275,hope☆,276,8UQ808QR
276,⚡LucioSkill⚡,277,QCCVQY9
277,Dynamite I サイタマ,278,22RVJGC8V
278,あんさん,279,822L9LL82
279,ALMAHMEED,280,JUG9UVL8
280,$Money Royale$,281,GCRLQ02R
281,Lucas❤Bia,282,9G28ULYR
282,x-medium,283,Y2PR9YY8
283,Cgn I Fynn,284,JUVVY0LU
284,chief pie,285,2V2GLULV
285,Infinity Mukul,286,2JQJL2PU
286,<c6>SparkyGOD,287,2GLRQ2999
287,WeroIsGod,288,U8QGYYY
288,☆Heineken™️☆,289,PQ8Q2VRJ
289,デシメキーノ,290,2R2CLUPVC
290,£戸i匚™️,291,8PL80U8VU
291,<OMEGA> Vini™️,292,289Y8QYY
292,CarlosXGamer CR,293,9Y828PJJ2
293,》João Victor《,294,PRU20VQ
294,Lewis(۶•̀ᴗ•́)۶,295,8Q020U0U
295,シャウラ,296,88GGGP9RJ
296,バーガー,297,9R8LJ2UP9
297,LybraA_00,298,8L8GLJV8C
298,Nobody❤君子,299,2PR9PQQCP
299,NE⚡TitanL,300,GLLG88J
300,LordZheng Pty,301,2C2GGQY0
301,上海OP-无忌,302,YLYRPU8
302,Wings,303,2YVRY8YU
303,OS Michael,304,9RY9RYGC
304,Carrollus,305,Q0CLV2G0
305,FaceControl,306,2P0QQ00J
306,LostInTheStorm,307,9L0RUPVV
307,金木小研研,308,GGJCCL8U
308,legna,309,98Q22V8G
309,God,310,RP0PGQ9V
310,coco,311,Q2J9VV9
311,༄ི༽恒古༼༄ི,312,8V08PUCC
312,❤Nacho❤,313,8928VR92P
313,YOU AGAIN?,314,Y8JC2UV
314,DOuglas BR™,315,2PCJJLCYJ
315,KK19212,316,RU2CC2LG
316,yaiba,317,2P8J2YU0
317,diadri,318,J0CCR0R
318,모블리,319,9LR8JR2P0
319,DAAC,320,Y8LLYLYL
320,타라덩컨,321,Y0GYRUCQ
321,活在海底,322,2JCUQCUYL
322,青知,323,RYPL92J0
323,L Lawliet,324,8892LL892
324,Kazzico,325,2L8J8U0
325,YT_SMARTLIFECR,326,92LC0UPP
326,Erf,327,22VCG2VQ
327,JOHA##E$,328,22QC0QVPU
328,全能防噴＜松阪豬＞,329,9RY8J9LU
329,LYON974©®,330,9RYJGRVUC
330,Dynamite I いっせい,331,9RYCQGVCJ
331,NOVA I FEDAA™,332,QGRR22
332,☄️AlexSlec12™☄️,333,2JRR90J2U
333,Ataşli Oğlan,334,C0R2PUC8
334,Andryu,335,2PCCR8PJL
335,三重のスーパースター,336,820R9GCYQ
336,午後の紅茶,337,2C9V9P0Q9
337,Jeckyll & Hyde,338,CGVYC9V9
338,九天之下，众生平等,339,YQVP8UU9
339,Hood Dealer,340,GYVJ82C0
340,DW I Wanderson,341,2PJQU28RP
341,Lim l Doiya⊿⁴⁶,342,892LRQYCU
342,WA Leocz,343,92LPYYGU
343,THE CHAMPION™,344,U82RLCQL
344,Lv.간지쩌는ⓘ,345,8VP0V9CL
345,Fat Ping,346,2LP99P92
346,Royal,347,89YUPYR0
347,markitos21,348,LU0GLV8
348,Pepe-slb,349,8CC0UC
349,dogukan,350,GL0CQUC0
350,おどろねすの会,351,C2VLUP00
351,じいや,352,2PCY8PLQ8
352,SK⭐️Flobby⭐️,353,8CGV2Y0
353,⭐️星辰⭐️,354,L0VP8R8V
354,Master♥苦力怕,355,2RL2PQJL2
355,mehdi aka,356,2YQP8LR89
356,Javieer™,357,88J800CQ
357,HANExHANE,358,8Y088VU8U
358,༄叶༅昱༄,359,QG9Q88GJ
359,Royale Storm,360,YRGYRC
360,⚡FCB DAMN⚡,361,88RLRCG28
361,GLC l Adam,362,2Y2RLVL2P
362,Kesley™,363,28G0PGP
363,neymar,364,8992V0V9U
364,Ricardo UwUr,365,288029JV2
365,如果有假如的男宠,366,QG9RQUP8
366,⚡⚡ CHE GUEVARA,367,8Y9QVPL0
367,Calder,368,C2220Q28
368,CHN丨Kyle,369,J9LVR9GC
369,ちょこ,370,9LGQJVYY9
370,AngelX 1,371,2QG2PRJG9
371,Dark ثفخد,372,V9QYP0G
372,CN.one‘ Xz,373,2R2UC2GY2
373,OS Wallace,374,YJPPGL00
374,B-rad,375,8U0QCJ2
375,TS LucasJaeger☆,376,2J0922VUP
376,DDG ⚡Alpha⚡,377,CVGYLPV9
377,Nova I Alex,378,298UQRUQJ
378,☆(:PŘ. ĐÂŅÝ¤☆:),379,2G8GCY98P
379,Frio,380,2U0Q0PR8J
380,トレーナー・ウルフ,381,U89U2VJ
381,ピラメキ,382,2YGQGY92V
382,Basti™,383,2YGCV2JL
383,チャッピー,384,92P2YVPR
384,✨Subak✨✌,385,8L0PGQJLJ
385,はっぴー✋,386,PCG229PC
386,Ra☀️Soul✌,387,CQY2VVP0
387,たけき,388,228GV8PG
388,Gargolo,389,89PL0YV
389,honguito,390,8UVQRLG
390,Lv.반야✌,391,2PVUY9Y2Q
391,코코,392,2VGG29RJ2
392,Nova l CRAK,393,2QVGCRJJY
393,valew,394,98GLPL8V
394,brumo,395,Y8LVGP8R
395,こむこむ,396,2Y0QL8VVJ
396,Pompeyo4,397,2R8P28
397,Cobra007,398,8URRGJ2R8
398,パパイヤン船長,399,PYYGRVJ8
399,O2 Victor,400,QL8YV89J
400,Eti,401,8GYVYVYV
401,iQ,402,CL8CJ2CJ
402,Hisoka!,403,YQCQ9QP9
403,Trocolo88,404,2YUVQ8LUP
404,Surgical JACK,405,RYRGV0CY
405,⭐️Bag⭐️,406,82GL8YP
406,Escalante05,407,P2JVGYVL
407,Crane.,408,R9YVLP9R
408,이지코어,409,8LLQVC0VC
409,◈Chrisss◈,410,VPJVCP8P
410,FBrunoI,411,CUYYLC9J
411,Anton,412,YJQUV0V
412,KyranDaMan,413,JPU02JC
413,••|«SmiLe»|••,414,2J9UGJ09V
414,HM Bya,415,QGV9PYQG
415,老夫郁闷,416,G2YQ9LYP
416,Nova I Hey,417,80JGCYU0J
417,ACE I NaCHo,418,8R2LUY88
418,Wicked,419,2GPJCVJL
419,✨WHAT2do✨,420,8L8CC2VJ2
420,北月画仙,421,J0UCLL2J
421,Eros Tornatora,422,2R29GVRP
422,αղմɮɨʂ,423,LYQVGR
423,LR Pitu,424,9JJ9GVP8L
424,Kendaswagger ツ,425,JCG2GUYL
425,Jonathan18,426,8RU9J9Y
426,❤carlosXmonse❤,427,8QQ92VGUL
427,Noah,428,2RUC20LJ
428,✨농맨✨,429,CQ8J82Y8
429,PowerStrike,430,2RPY2GVU
430,Simplicity™,431,LCL90QJY
431,上海 OP·JohnTan6,432,JY2QR8C
432,Venom,433,2L0VJG02
433,ＳＮＩＰＥＲ™✨,434,8P9LVJQ
434,マンゴーさん,435,89JGJ9GPL
435,VON,436,80QLPJQYP
436,uncut,437,8LRGU9YV
437,TG I ♠️Jeroo♠️,438,CL2V9U00
438,Down I shoma,439,28U89U82P
439,EduardoValdéz,440,LYPCLYJ8
440,AEON l 却下™,441,Q900C00V
441,皇室狂少,442,GLQPLUVJ
442,sayaka,443,29LURJY0R
443,⚡HardcoreGamer⚡,444,YUJC8QGP
444,Philip,445,9PJUVU
445,KFC,446,QQUUCL
446,Marvel,447,P9QP9CQG
447,ISI,448,28C28V00
448,Joncavalera,449,80JVPQV0L
449,Nova I Emi,450,J29222VJ
450,Nakakata,451,8G2JCQ0Q2
451,KT™,452,2Y2VCJ028
452,UltimateHunter,453,2URVYU2Q
453,MB CHILE 2,454,8P20YQVJ2
454,Nova I Abaddon,455,88L090U9V
455,Totem | Ace成是,456,P0YU8JY
456,Hoplite,457,2GPLYYYC
457,Goblin Slayer,458,URV0LRY9
458,Lm10,459,PP9U90RU
459,DaJuicyOneरसदार,460,2VJQVPVR
460,☄️VENOM☄️,461,8LYVUY29
461,〽Copsi¤!,462,VL9LRU
462,アスカポネ,463,88PP892C8
463,HIMANSHU,464,80QCP2J9
464,DEXTER,465,Y82PU8V9
465,⭐暗闇のパンドラ⭐,466,YP9VQQJ
466,くちー,467,VQJ08GGR
467,Trainer Dexterz,468,JPLP0L0Y
468,hadi I Epidemic,469,22GY8GQP
469,Alexis,470,VPC9RRQ
470,Diego M.,471,Y288JRLC
471,♬LuisDR♬,472,PCUGJYV
472,KiKi,473,PG2QUJRJ
473,oliver,474,8992228CR
474,one,475,2LL9YYJQL
475,lo☆足立佳奈☆ve,476,2V8Y9YJPR
476,GhostClient,477,GRV9QRYP
477,SMR Thomas,478,20YGVQR0R
478,hoockerz,479,8YLRYUJCR
479,ちょーる ❣️ ゆーき,480,8RV8Q9LLP
480,Marco,481,2CJQ2RUPG
481,⭐️MATTEO⭐️,482,2C2C2PGQ
482,rom,483,8QRQ8RU0
483,Viktor,484,2LPCRYRQP
484,UAE POWER,485,2CUYCYCJJ
485,あいらぶよつば,486,8LGLPPP8
486,菜憨憨,487,Y9YRGV8R
487,yukichi (笑),488,2GJ9VLUQ
488,ʕ•̫͡•GRIS,489,20JQGPYYC
489,H18VK,490,2J2R8RQ20
490,EB⚡MEGADROID⚡,491,2C8YU9J2C
491,IchKingDuNoob:),492,VQCUL02Y
492,곱v,493,P28GL92P
493,BigSpin,494,2JGCJG0G
494,Ðim l Hashirama,495,9G2C89YL
495,⚡Beiçudo™⚡,496,22JVR928C
496,Dede,497,JQYJVV22
497,Jules_4LL4RT_,498,20YV900LU
498,Lvy小仙女♀,499,2PUUC0J9U
499,<c6>DESTINY ⚠️,500,2R8QR9Q9
500,- Edelstein -,501,JJ9P0208
501,DreamingFly™⚽,502,V0YGGCR
502,Julián LM ♠️♥️♠,503,2PJJ2UV80
503,Tobi SpiritHawk,504,9YVGC8
504,★彡 Санта 彡★,505,JGJQGV80
505,ひか,506,8J9LQVVYJ
506,❄LMC❄純白のしろ。,507,CRR0G222
507,ΘοδωρηςDab,508,280Y0980V
508,SpAce。,509,YLCVLLVY
509,ショウダイ,510,2C0PJR29Y
510,Nova l SORA™,511,2Q08YVP90
511,ᴊᴀʏ ᴛʜᴇ ʟᴇɢᴇɴᴅ,512,UQPVVGQ
512,Salomito™,513,U8L20LUC
513,皇额娘,514,22CR02L0
514,流沙,515,QLVYGCPP
515,Mugiwara,516,YYL8VVUC
516,João Paulo,517,8VPQQ2P9G
517,Youtube Pong tv,518,22LYR2UYC
518,Some Nub,519,2JCRY0Y
519,Star丨Lover™,520,2GQRC9VVP
520,ll_kley_ll,521,U9UQ0V0
521,你在AK47你在,522,2YVLGUCR
522,なつみかん,523,PQGQVPRJ
523,Rasta Roquette™,524,2VG2QCVR
524,Vezixity,525,289CJQCUR
525,Lion MG,526,GUVL0GYJ
526,DhouiD,527,CP80920P
527,Omar.,528,LRV0VYPV
528,SFIX,529,2R9P8RCL2
529,कुरोकोटेत्सुया,530,8JJ9Y90
530,りんだまん,531,8PLQY9RL
531,<c2>大王™️✨,532,Q28V9882
532,SkyWalker✨OG™,533,9VP0J9Y0
533,鼯鼠,534,9YG8YR00G
534,可哀想な翔子さん(´^ω^｀),535,800GQP89P
535,Black Mamba,536,R9LLR8PG
536,親方@Rio愛してる,537,8Y2JGVURQ
537,水之源～victor,538,PPLCG92RP
538,canelo,539,2YLY2GUCQ
539,Kas I Hashirama,540,PUJ8LY0Y
540,長濱ねる,541,2GQCLYPUV
541,NoobMaster69,542,P998LU00
542,Entity I Jin,543,2P2U9YV
543,ともき,544,2R9PJRJRU
544,hog hunter,545,PCVVP9Q
545,可哀想なえりな様(๑˃ᴗ˂)و,546,8R09Q8P2U
546,Momo I OHTA,547,8P90GQCQ2
547,King of Clash,548,80QGLCCU
548,ナポリタン,549,20JJ8YU09
549,LM Thunderboy⚡,550,8LVQPL8RC
550,牧人的Drone ✨,551,9C098YYG
551,ONE I 亞不,552,2U8VYJUCY
552,UA I Hyper,553,P2CYLRU9
553,ハハハーー,554,8RG2UQV0
554,chͩiͤyͣaͬ｜宇治松,555,9PLYUU8YC
555,Çağlar,556,UV2CGRCR
556,DAYBREAK NOEL™️,557,29UGRUGP0
557,~ FrancoMV ~,558,J2PPG2CG
558,zezo,559,RU288YPC
559,Akarito,560,Y9ULCR80
560,Gabriel™,561,2LVUYQQV0
561,Pedro™ツ,562,9JUJRY
562,AQ⚡AlanD⚡,563,2JUV8P9V
563,Hunter,564,J8R89YC8
564,Thor-Berserker,565,89L2V9LR
565,Nox 未,566,29GJUYQ9Q
566,Crazy スミ,567,RU9VQV9C
567,IGN l Cubic i,568,8LCU8GC
568,Light of Roya❤️,569,2RGU9VQ8P
569,Nfasis,570,8CGG9LLJU
570,龘龘怪兽,571,YY00YUJ
571,Sword,572,Y9R22RQ2
572,じぇい,573,U0899LRY
573,Toño Vazquez,574,20Q0U0VU
574,⚡⚡SANTO XD ⚡⚡,575,2QRUPQQYP
575,すた,576,PQR8UJ2U
576,Miguel,577,C8CJRRGL
577,ゆきやんちゃ,578,GVQ22CGQ
578,HULK,579,229PYLGJV
579,Karry天蓬元帅,580,UYLYCJV9
580,TTPOCTO LLapb♡,581,GG20V8L
581,Alexis GT,582,8CJR0Y8Q
582,Narek,583,28CPCRQ9
583,Jaime,584,JCRPC92J
584,NR I Riku⚡️,585,RRVCUUGQ
585,⭐midou gafsi⭐,586,2Y0CG9RL
586,Malchonka,587,VPPCQRJP
587,Trainer NemiK™️,588,Y2GJQPC8
588,Sensei,589,9CQ0Y2YJ
589,Ivana,590,CYCJV8R
590,HaMza αℓzαняαηι,591,200PUJ0G
591,망고,592,8L2YJVYV8
592,Team0-3丨千夜,593,JRG28VQU
593,SUPER JOKER,594,V9UUL92
594,Sciraedr,595,2PR2J2ULC
595,PASHA™️✨,596,Y2J9JJRC
596,ゆーたそ,597,2PPCU29
597,Diego029luis,598,2UYQVU9U
598,IMAD™️,599,8G22P2JV
599,KenethEstradaYT,600,220LCLQQ
600,Glaceon I chip,601,2V0CJ9JGP
601,YersonCz,602,P00G928VC
602,Angelo10,603,UQ99G9JG
603,MaTiN cLuB,604,L0CU8UJ
604,YTube♥️Listriv♥,605,20VRG9JUJ
605,Mr. Grayson,606,8QYV2UPY9
606,HELMI,607,RPJLUY28
607,sagar,608,PPQYY2P2
608,Cylider Rs,609,QPYGUCC8
609,⚡️L.Hinojosa⚡️,610,2J2PJUCJU
610,ALPHA,611,2QJ0PRPLJ
611,Pierre Cheng,612,LJ2P829P
612,⭐HiroIsGoD⭐™,613,20RY9JJRL
613,Judas,614,22LVUU0QG
614,zabolec,615,282JV08
615,ACE I 'Billy',616,QQRRVQV8
616,DublD,617,2JPUQJ8J
617,RY6 Rayio,618,L0YGJLLL
618,ぷえで-Black Mamba,619,2GPYQPVR8
619,Life,620,2Y0LQ0CJY
620,Snow Bleezy☃️,621,GL292L8U
621,HİRAŞİMO KAAN ™,622,YRQR9C2C
622,ah craaaap,623,YYYQ0VR2
623,蛤蟆1号,624,VY82PPRU
624,oda8nda,625,PLU9GP92
625,BMX13,626,VRQQ988
626,YTY 6-0丨情义慕名而来✨,627,JLUVP0LY
627,コイキング,628,UCRR8UPU
628,Le defieur,629,P29URV2R
629,60番人健康,630,JY2RYLPG
630,かM,631,2RLG8J9GJ
631,yokko,632,82U9JPPQC
632,JorgeDlaGarza☣️,633,LG8Y8VJL
633,Akashi Seijuro,634,YCLCVQP0
634,Star I Sasuke™,635,2G9G8GGLY
635,Rinse in Aoyama,636,92GUC9JCG
636,maiyla,637,2GC8GRGJ8
637,如果有假如的男宠,638,20R92VGU0
638,Nuri,639,2PP82JQUR
639,⭐Soudy™⭐,640,290UQY8C
640,FR,641,2RC92299L
641,Giordy,642,8LQJP9UU
642,Fade,643,2VG98VV8
643,SV EDUARDOV503,644,GQQYL0C8
644,허니버터꿀잼,645,GLPLRL8
645,<OMEGA>⭐ＴＨＯＮ™ッ⭐,646,2QU9L9ULP
646,Momo,647,R8C2QYL
647,MatNattyDread,648,V8UJYG
648,Divine I 健伸⚽,649,2JPVGR2J
649,정주,650,8CLCVYR8Q
650,PXDeMON,651,PLQUQQ9
651,♛不会打游戏了♕,652,92QYJURYY
652,Baptman,653,2LLURLLJJ
653,❤️Ryu❤️,654,8Q0898YQJ
654,CHUPITA,655,PGGCP80J
655,「TS」Renan,656,89C02208J
656,klose18,657,9YQYPV0C
657,キャプテン Caverna,658,VPU82YG
658,drayner white,659,20QL0URRJ
659,TEKASHI69,660,9CCGG20UU
660,Richi,661,L8G8GPUQ
661,ENM⚡Basti,662,PP9L2PYG
662,El Diffu.mayor,663,20U8YGVPY
663,eXeF,664,8CUCJRJPP
664,GaBrieL.N ツ,665,228CQ0Y8Q
665,TOTEM ⭐HIRO⭐,666,J89JRRU
666,JiggyBoyz3hunna,667,VJJ9LCQ0
667,男爵いも,668,80YQ2YJRG
668,masiron✿,669,990C92YG
669,⭐️♥️Moudji♥️⭐️,670,V0QCQUCL
670,Rubiksyo 2.0,671,9G02U28V
671,☆ I Rocket,672,LUJR90C2
672,Selene I SALT,673,2Y8VVPV28
673,●DAVID502●,674,2CQGR8292
674,<c2>0es3｜幻听,675,9GGUCV0U
675,mario,676,8QQJLJ0GJ
676,Salvatore,677,LG0PCPV
677,Nova l Aaron,678,992LQU02G
678,foxes,679,J8R8U8QU
679,Nemesis❄️,680,20J2QURU
680,ＡＱＵＡ,681,PR828PRP
681,⚡Entriflay⚡,682,2U9RJR0LG
682,NolaN,683,2JL29UQ
683,「49™」MÄŃĐŘÄĶË,684,R2P2QQYJ
684,cuba 2,685,9JVC889G9
685,☠️⭐Iniesta11⭐☠️,686,CPVP2JUG
686,如果,687,VJLV9CQP
687,こうへい,688,RV8VYR9U
688,Aramis,689,89CCPCJL2
689,Million I Ekra,690,8JCJC09RU
690,最悪 乂 ℣єͥɲσͣᶆͫ,691,2YP88YLV
691,✖HuntER™,692,P8LRG9UP
692,SandBox,693,L8LQCCJ8
693,Danilka,694,2P8YL2LC
694,Vins,695,8YRYV80
695,ONE dODo™️,696,PV80RC92
696,Arima,697,9Y82YCQC
697,지영승민,698,8LYP0R08
698,⚡SJ⚡ㅤTʜɛ ҡɪɴɢ™,699,JJPL82G2
699,hector,700,2RRQVR9VQ
700,Felis,701,2LV0YVV9U
701,l LØRD™✨,702,RQJVGGLG
702,Ro | 鞭炮,703,80PC0RV22
703,BONILLO KING,704,LGLCU2VV
704,neymar,705,8GQVYPQGJ
705,Mio l ༒皇帝༒那須与一,706,R92PUJQ0
706,Cold Fury,707,2RYU8CLYQ
707,TE Javie®️™️,708,80J0GUQ9Q
708,MdFkSsS,709,82CPP9VV
709,Snuf❤kin,710,8JY0GVG0
710,Timeless 落尘,711,80YUY0LQ
711,紫水,712,8PQ8GL8Y0
712,Dr.Cycle✌️,713,20YGYYLLU
713,「49™」ＫＩＬＬＥＲ†,714,9RPYQ9809
714,だりふら,715,Y9JUCLVJ
715,世界之大,716,9QUGJPVPL
716,ctenorio5,717,Y8GYYYLR
717,たいよう@ななせまる,718,20R89GCVU
718,☯️kishan napit✴,719,2VC8G2QJP
719,RYU,720,80V2QQPQ
720,BL丨<c3>高<c5>嗨,721,2C0V92RRL
721,xReMuSSS,722,92J8989
722,Star⭐️Yuki,723,2828LV0GC
723,PEKA™,724,9YU9R8J
724,あおすちゅ！,725,JJPRU8LU
725,JvSeiji,726,8U80QU2Q
726,Daz,727,8YV9QRUUL
727,Paul,728,2LR2QRYYG
728,ZEROS,729,PRUUG8P9
729,나무꾼♡,730,U2VL9Y0C
730,Pablo,731,L8Y0RGJV
731,ⓇⓄⓇⓄⒽ™️,732,8U2YJ9LR
732,ライ,733,9L99GRJY
733,豆ི角ི豆ོ莎ོ,734,8CGPGG8P
734,DW I MadHouse,735,8RPPV2VRL
735,KIIKEE,736,80Q09QV8U
736,why so serious?,737,9P02QL
737,LordZheng FCB⚽,738,9RVR088
738,$листо4ек$,739,29QLCYGY0
739,BAIRES™,740,8PP0VCPP9
740,ピロったん❤,741,2P0C8YLPL
741,Samuel Acevedo,742,8CY80GUY
742,عمــALajoudiــر,743,8YLY8CL
743,OBEDM77,744,22U98UVLR
744,Jay Kay,745,YGY2VJ98
745,佐藤先生,746,2G9PYLYL9
746,Great G,747,8P8C9JPJU
747,キノコ,748,2JQ8Q928G
748,Kitassyan,749,P8RLY0V9
749,VICTOR-MX,750,RGCUQRYY
750,Santiago Diaz,751,8L28VYPUU
751,elf,752,UV0L0YU
752,<c3>0es3｜财迷大帝,753,99VP2RRG
753,悠晴,754,8VCVRR0C
754,torvic,755,22V2LUVCL
755,༤༒康師父༒༄,756,QV9RU0J
756,ST,757,P09V829
757,RED⭐VINICIUS™️,758,2GJYRJJV9
758,enio,759,8R9P2PVRC
759,Star Light,760,Q8LLLYY
760,桃花姬存希丨君君,761,889CCRC9Y
761,X-Skull,762,28V9Q0
762,宝圣,763,LRQ90VJ9
763,SDC XxJúniorxX,764,2JG2UUR
764,Remark,765,8GVJQ8VYC
765,ZOBAERRIFAT,766,UVR08PQV
766,예쁘니,767,2VGUUJ8C0
767,Sword I シーザー,768,2CJG88YUY
768,☤(｀･ω･´)☤,769,982LG02G8
769,Terk,770,9L90PVJG
770,OR〽️RULK,771,YVJRGJV9
771,Rafael Brandão,772,PVCYU2R8
772,Whitewash!,773,909YQJ0LC
773,N3m3sis™,774,829QLUVVR
774,airsurfer,775,P8VUY20C
775,Energy⚡️Wizard,776,Q8LUU2V9
776,ジェシーサブ,777,QQUGGYL8
777,㍿★たく≧▽≦どん★,778,VVUGLQ8
778,⚡Danielk⚡,779,2RVCC0QUC
779,King Acosta $,780,88G98RJ8C
780,FRS Matias,781,8Q0VU92CG
781,トム,782,2C2YPJ99L
782,**HUNTER**,783,8JUV89R9
783,Lithos I TAIMU,784,22Q8Q0QPV
784,GMX I XxVENPERS,785,2CQG98PP0
785,ryan #1,786,8CJQYGV0V
786,Mil l zSlaazy,787,GPCUR2RY
787,King Hasaan,788,CLRGCQGV
788,LF Drogbazooka™,789,2GQGVVJU
789,天気の子☀️かずと,790,20GJJPU9
790,Tu*Gfa :v,791,2V0LLUQQ
791,KratOs,792,80JJ0JL82
792,Momo l kiseru.,793,2QYL8RYCY
793,iNifty,794,9LG0JV08
794,神ＮＥＰＴＵＮＯ™,795,2GJ290C9Q
795,<c5>Nautilus,796,29P00PPG
796,ONCE l millin12,797,CQGGJVP9
797,Weston,798,9PRPPGGP
798,R`MĄX✨FURÎOSO.,799,2GYVG9YG
799,SAID①⑦,800,Q9PJJYU8
800,LuiZ™,801,928Y2Q
801,Arkham knight,802,2UP8LJ9G8
802,adan-YT,803,8U00GYJP
803,BD ⚔Antonio⚔,804,PJ9Q8QUR
804,Grimoire⚡️,805,PVV2Q90P
805,david,806,Q28QVLG
806,Goodi,807,20QLVPGY8
807,BLAKER™,808,VCYCV0J
808,iDestroy,809,P892L82Q
809,D×¥ID¢R™,810,2LLLY8YVR
810,plobe,811,9QCURYYQP
811,TO I Saltani Jr,812,PR8L9C2R
812,Astraman,813,2ULG98LYG
813,EmEmZzy,814,CR8UJQPU
814,チェリーボーイ,815,8L0Y209QQ
815,Demon Chocolate,816,PYCUCGLR
816,EGS Sharleg,817,9CJGUY98
817,Emilia Clarke❤️,818,280GR2YU
818,<c2>G H O S T,819,YGPU280R
819,<c2>Heisenberg,820,2C0UQVU0V
820,Lordtusk,821,29P88200
821,The Master⭐,822,2Y0PLPY00
822,norman,823,PGJ9VL8V
823,FLX丿灬唯心,824,8QQ0C0LC
824,ゆう,825,2PLVJVRP
825,☠️AlBeRtO☠️,826,82YPPRRPY
826,♠️Artur Shelby♠,827,9RG89PJ2J
827,果冻巧克力,828,G09PGQ8C
828,FormeGG,829,LG0Y0UCC
829,Shadow Knight,830,U0JJRU8Y
830,⭐Ahmet'Bey™,831,9JRP08P
831,Renan Cava,832,PU8YRU
832,おゆ激アツ❄,833,22UUP90C9
833,Primary Chicken,834,88RPYVC9V
834,QLS Dereck™,835,U2YCCUY
835,dennis011999,836,2Q2GRULGG
836,♠️♥️Chacal♥️♠️,837,C8LYC9QP
837,Joaozinhopan,838,20PQ909Q8
838,上海 OP·JohnTan2,839,8CP082C
839,HunteR™,840,PLUGQQ8G
840,Magnetic™️,841,G0G88GQR
841,Esgardo07,842,2YPLQQ9JP
842,Rob ,843,8R990CRC
843,Michael,844,RG2YJYR0
844,よっちゃん,845,L0RQYV98
845,TD™ ll Chema222,846,22YPCYYVR
846,Trainer Andgadz,847,Y0CVLQGJ
847,DE VILL SHADOW,848,PLJ889G
848,AlvaroCR,849,28UPRLGCQ
849,ONCE l メロン颯太,850,9YJ08GG08
850,RHVR17,851,9VC0JJ9
851,小卞卞......,852,2Y8GP2YP8
852,Nova l Luan™,853,JUVCU999
853,Erengawang,854,999Y2U0U
854,RED⭐FABRÍCIO JR,855,V9Q088U
855,こさかな,856,JLPRVJRY
856,RSC_TORNADOツ,857,CCGJPQ08
857,emiya muljomdao,858,R2GR0UJ8
858,•Rodrigo Cream•,859,P8GRPPQ
859,~♤Gianpaolo♤~,860,2QUV8R88Y
860,CM Strife,861,RUURL8CR
861,☯️-Adam,862,2GRL88YC
862,zerbo,863,2PGGC00G8
863,《OMEGA》Samuel,864,8CQVYY9PG
864,john lee,865,P9PLQRG
865,Tomoya,866,22VQ02829
866,Azunyan❤️(≧∇≦)b,867,2RPYJ802V
867,怕博客哦BuʀKINGツ,868,RQU2G0JU
868,RED⭐Vini™,869,GY89VPGR
869,Araragi-Koyomi,870,2CJGVJRP2
870,Logge,871,9YVCYGRR
871,myk,872,9U2JQLQG
872,Thomas™,873,CCRLJPR
873,Taiga Aisaka™,874,2902GPYRJ
874,عمر الاجودي ٢,875,222J8LV8
875,おじさんおばさん,876,P0GJQJVUY
876,マッポンズ,877,VR2CC28V
877,Fabricio:v,878,C0Y8Q8JP
878,⚡Darkξηgel⚡,879,9GJGVCJY
879,⚡️Fethi⚡️,880,C9P98V8
880,✨Smoker✨,881,2PL0QP8V9
881,gnodox,882,2VRYYQU
882,⚡️SLEDGE⚡️,883,8UVPUCQC
883,Roger,884,909VVJ9CP
884,Copkonig,885,UVR8CJ9L
885,al3grab,886,8QVGVP20
886,Fernando,887,LVLGJQ2
887,찰진궁댕이^^,888,RG0G8RVR
888,JOY,889,9LL9YV0L
889,Daydream,890,YURYLJP
890,赛宝❣️,891,290JC920
891,Spank,892,8QCURYCG
892,<c2>Epic Toi,893,990YL8JV
893,⭐️Chief Keef⭐️,894,20PV08V9
894,路飞,895,J9PCJ9UG
895,KC I Rento™️,896,2P020JY99
896,U.F.O✊,897,C2PRP99L
897,vlLuNaTiiKz-,898,9PQGCCPV9
898,UMR,899,2V9QPJ0YL
899,trainer dumbo,900,29UYJR2LL
900,$R-Seba™,901,99JVQJC9
901,Lithos I Napo⚡️,902,9P89JCGPY
902,TOTEM I ĐÉMØN™,903,YRU8CPUR
903,Thomas Castillo,904,2CP0QUVRJ
904,-Nosferatu-,905,8CU9YCC9
905,SeeOk,906,YUY92PP9
906,Fate Bonded,907,Q2PPPVUY
907,Kyuubi™️,908,V9LR928J
908,⭐Убийца⭐,909,QJLPRJRQ
909,~Harusame~,910,2RQLPLLV
910,Emix,911,RCYQYPLG
911,Kyuss,912,2U8GUQ9GJ
912,Sunshine太阳能格雷斯,913,20UUC08
913,RK Anónimo,914,2PCJYQVYV
914,Nau金™,915,20YJ8VYVQ
915,Midnight,916,Y00QURV
916,さいとう,917,2QYPPU88
917,BRAVE HEART,918,8PJ92VGY
918,알랑가몰랑,919,2V2V8LJC
919,素敵なおじさん,920,2QR9C8C8Q
920,Shadow786,921,VU2LQRC
921,✫ I 7moodxox,922,RP8C0P2J
922,Light Wing,923,UP9UL2U
923,Zain Tatoo Gigi,924,22JJPQUU
924,LKG l Secondo,925,G9VV9LLQ
925,RintA,926,88CG9U2VL
926,KURAMA,927,PP2LC28R
927,Ug,928,YLGGQPRC
928,Giuslay,929,P98828PU
929,⚡️proyale⚡️™️,930,82QGU80C
930,Lord Joe™️,931,CVUCJR2Y
931,けぇむ@青冠の番人,932,YVR8R9R0
932,湖ゲッツ純一,933,809UYG8PP
933,ゆうぽろん,934,9G9GQCLQ2
934,Nova l R.Borges,935,LQU0PY2V
935,Erxick,936,80CJLJ02J
936,o agressivo,937,2G2L800R0
937,Winner!,938,90QCRURU2
938,Shine l ぼくわしお,939,2L9QLRGY2
939,阻碍Ren神,940,PRPYRVU8
940,眾⭐️Russell,941,PLLRLGL2
941,kendama,942,2U9VYPJ2C
942,عمر الاجودي,943,C0P8QY2J
943,£mî®,944,Q99LLC8L
944,ブロッコリー,945,2VGYJPUG0
945,trollin',946,9R9V8L0
946,RT 11-3丨兰⭐,947,288LGUVPR
947,Phiillateetez,948,L0JJ88U
948,逝水无痕,949,88GYR8PV
949,Arctic ★SERG10☆,950,8GQCVLQ2
950,⚡Xx_MaHmOd_Xx⚡,951,2CL0GU8
951,Fletyer✌,952,Y2QG8JJY
952,✨Michael✨,953,88YUQCQUJ
953,Максимельдине,954,99VGV0J8
954,Fabrício,955,8PP9C9GJ0
955,Charly V.,956,8Q2CCJCRY
956,Genesis™,957,2QYLJ9LVY
957,アナザー,958,CQ28URY0
958,新星 I вяaиѕ™♡,959,L9JRC9VL
959,⚡️RJ10⚡️,960,9JLVPR9P0
960,Azilys☆,961,LPL2UQVJ
961,naifer,962,9YLRU2QQQ
962,Lord Schnee,963,92UGYCPG
963,TimTim,964,2CQ0LU9V
964,Parzival,965,Q82UQYUJ
965,ALFonso✊,966,GQRJP2J
966,NΞCRO☠,967,80VV9GCR
967,Chaos Semih,968,PC2YGJU
968,Tanner,969,LQYGP9L9
969,JackFalco,970,8VG8PCGQ
970,逆境,971,8U9C8JRGJ
971,Joke ,972,GCQUVQY
972,Gaara,973,88CQUJVQP
973,Antonio Flores✊,974,YYJVJQPQ
974,Messi,975,8RCPVQYU9
975,壽山垃圾學店仔,976,RVU80VUG
976,Nova I Alex,977,QQLQVGC8
977,Nova I sergio,978,2RJ9JY0LQ
978,☺︎︎ドズルちゃん☺︎︎,979,8V9UJ90RR
979,だらけ隊,980,892RQ2LCU
980,PK I Frio,981,22V09GYRG
981,⭐️abood3sh™️⭐️,982,YYJU9L0Q
982,Dreamyboi,983,PRCV0JUU
983,モンキー,984,2GJVCG9Q9
984,生卵,985,2L0YUC082
985,ヒロリン,986,82UV9J28G
986,けー@HIRIAGOD,987,988RPUGCV
987,✨BabyBoy™️,988,QL0VL29G
988,lord,989,C28VJL0L
989,AcMiLaN™,990,C9RPVYU
990,⚡JuanDiego:v⚡,991,CJJ80VL0
991,LaloBG™,992,2JUYVUVQ0
992,✨Azt l Alan✨,993,PUQQGGCV
993,♡Ŧửşɦi★ċβĕť♡,994,299Y2YCLL
994,MG I Victor,995,8LJYGRYG2
995,G.Y.J★iseven,996,Q8YC22RR
996,Richapa,997,2PVGPLP9G
997,有有有你,998,228QC2ULP
998,Russian l カズー™,999,2GQPGV8RR
999,DOMINIC,1000,L9QV0JUY
